日期,受影响的网页数
2026-02-03,0
2026-02-04,0
2026-02-05,0
2026-02-06,0
2026-02-07,0
2026-02-08,0
2026-02-09,0
2026-02-10,0
2026-02-11,22
2026-02-12,22
2026-02-13,22
2026-02-14,22
2026-02-15,29
2026-02-16,29
2026-02-17,29
2026-02-18,108
2026-02-19,108
2026-02-20,108
2026-02-21,108
2026-02-22,1016
2026-02-23,1016
2026-02-24,1016
2026-02-25,2277
2026-02-26,2277
2026-02-27,2277
2026-02-28,2277
2026-03-01,2277
2026-03-02,2277
2026-03-03,2277
2026-03-04,2520
2026-03-05,2520
2026-03-06,2520
2026-03-07,2520
2026-03-08,2956
2026-03-09,2956
2026-03-10,2956
2026-03-11,3741
2026-03-12,3741
2026-03-13,3741
2026-03-14,3741
2026-03-15,3741
2026-03-16,3827
2026-03-17,3827
2026-03-18,4958
2026-03-19,4958
2026-03-20,4958
2026-03-21,4958
2026-03-22,5232
2026-03-23,5232
2026-03-24,5232
2026-03-25,5474
2026-03-26,5474
2026-03-27,5474
2026-03-28,5474
2026-03-29,6780
2026-03-30,6780
2026-03-31,6780
2026-04-01,9344
2026-04-02,9344
2026-04-03,9344
2026-04-04,9344
2026-04-05,9921
2026-04-06,9921
2026-04-07,10783
2026-04-08,10783
2026-04-09,10783
2026-04-10,10783